,val
2004-12-31,
2005-01-03,0.005262
2005-01-04,-0.011152
2005-01-05,0.001081
2005-01-06,0.013209
2005-01-07,-0.005479
2005-01-10,-0.002007
2005-01-11,-0.007643
2005-01-12,-0.00311
2005-01-13,-0.003696
2005-01-14,0.005468
2005-01-18,0.010939
2005-01-19,-0.011076
2005-01-20,-0.009505
2005-01-21,-0.003703
2005-01-24,0.000347
2005-01-25,0.001245
2005-01-26,-0.000443
2005-01-27,-0.000277
2005-01-28,0.008754
2005-01-31,0.017079
2005-02-01,0.010368
2005-02-02,0.000796
2005-02-03,-0.002706
2005-02-04,0.014711
2005-02-07,-0.00197
2005-02-08,0.004113
2005-02-09,-0.005296
2005-02-10,0.004619
2005-02-11,0.008502
2005-02-14,-0.002606
2005-02-15,0.001627
2005-02-16,-0.004679
2005-02-17,-0.009836
2005-02-18,-0.01485
2005-02-22,-0.013117
2005-02-23,0.009625
2005-02-24,-0.001843
2005-02-25,0.009748
2005-02-28,-0.013851
2005-03-01,0.00946
2005-03-02,-0.000949
2005-03-03,-0.000588
2005-03-04,0.016874
2005-03-07,0.005543
2005-03-08,-0.00221
2005-03-09,-0.007774
2005-03-10,0.001776
2005-03-11,-0.013796
2005-03-14,0.00781
2005-03-15,-0.002958
2005-03-16,-0.007361
2005-03-17,-0.005013
2005-03-18,-5.8e-05
2005-03-21,-0.011539
2005-03-22,-0.021728
2005-03-23,-0.000978
2005-03-24,0.000956
2005-03-28,0.003289
2005-03-29,-0.015512
2005-03-30,0.016788
2005-03-31,0.006949
2005-04-01,-0.007537
2005-04-04,0.006503
2005-04-05,-0.000898
2005-04-06,0.006873
2005-04-07,0.002132
2005-04-08,-0.005191
2005-04-11,-0.005806
2005-04-12,0.008787
2005-04-13,-0.01811
2005-04-14,-0.012204
2005-04-15,-0.008596
2005-04-18,0.010201
2005-04-19,0.002185
2005-04-20,-0.015518
2005-04-21,0.009573
2005-04-22,-0.007674
2005-04-25,0.013179
2005-04-26,-0.004861
2005-04-27,0.013289
2005-04-28,-0.015114
2005-04-29,0.019646
2005-05-02,-0.022526
2005-05-03,0.000895
2005-05-04,0.014541
2005-05-05,-0.004791
2005-05-06,-0.006033
2005-05-09,0.009307
2005-05-10,-0.022794
2005-05-11,0.009054
2005-05-12,-0.015644
2005-05-13,-0.017308
2005-05-16,0.011418
2005-05-17,0.00441
2005-05-18,0.013501
2005-05-19,0.009136
2005-05-20,0.000542
2005-05-23,-0.003601
2005-05-24,-0.004723
2005-05-25,-0.006617
2005-05-26,-0.003043
2005-05-27,-0.004348
2005-05-31,0.002465
2005-06-01,0.011898
2005-06-02,-0.006595
2005-06-03,-0.004939
2005-06-06,0.004302
2005-06-07,-0.000267
2005-06-08,0.00321
2005-06-09,0.00347
2005-06-10,-0.001694
2005-06-13,0.005826
2005-06-14,-0.004087
2005-06-15,0.003033
2005-06-16,0.017161
2005-06-17,0.001129
2005-06-20,-0.001131
2005-06-21,-0.004671
2005-06-22,-0.000461
2005-06-23,-0.000386
2005-06-24,0.008679
2005-06-27,-0.002281
2005-06-28,0.005354
2005-06-29,-0.002397
2005-06-30,-0.013247
2005-07-01,0.00214
2005-07-05,0.005616
2005-07-06,-0.004516
2005-07-07,6.1e-05
2005-07-08,0.006527
2005-07-11,0.004973
2005-07-12,0.001034
2005-07-13,0.001874
2005-07-14,0.008005
2005-07-15,0.000273
2005-07-18,-0.011805
2005-07-19,-0.001512
2005-07-20,-0.000554
2005-07-21,-0.003456
2005-07-22,0.007877
2005-07-25,-0.002545
2005-07-26,-0.002644
2005-07-27,0.001069
2005-07-28,-0.000736
2005-07-29,-0.011727
2005-08-01,0.000461
2005-08-02,0.013179
2005-08-03,0.00712
2005-08-04,-0.00967
2005-08-05,-0.006073
2005-08-08,-0.005868
2005-08-09,0.007892
2005-08-10,0.000487
2005-08-11,0.010087
2005-08-12,-0.009356
2005-08-15,0.009243
2005-08-16,-0.007139
2005-08-17,-0.003732
2005-08-18,-0.001157
2005-08-19,-0.001444
2005-08-22,0.002176
2005-08-23,-0.004029
2005-08-24,-0.014764
2005-08-25,0.004868
2005-08-26,-0.006413
2005-08-29,0.003746
2005-08-30,-0.005672
2005-08-31,0.007521
2005-09-01,0.007878
2005-09-02,-0.001234
2005-09-06,0.014222
2005-09-07,0.004493
2005-09-08,-0.000543
2005-09-09,0.005884
2005-09-12,0.006432
2005-09-13,-0.005932
2005-09-14,-0.00335
2005-09-15,-0.002657
2005-09-16,0.013914
2005-09-19,-0.002404
2005-09-20,-0.001359
2005-09-21,-0.013712
2005-09-22,0.012041
2005-09-23,-0.000181
2005-09-26,-0.000965
2005-09-27,0.001233
2005-09-28,0.003316
2005-09-29,0.013453
2005-09-30,-0.002554
2005-10-03,0.001118
2005-10-04,-0.013279
2005-10-05,-0.005089
2005-10-06,0.001467
2005-10-07,0.004452
2005-10-10,-0.001561
2005-10-11,-0.008118
2005-10-12,-0.010595
2005-10-13,-0.002263
2005-10-14,0.009677
2005-10-17,0.005269
2005-10-18,-0.004367
2005-10-19,0.02188
2005-10-20,-0.012631
2005-10-21,0.002415
2005-10-24,0.024432
2005-10-25,0.000331
2005-10-26,0.00692
2005-10-27,-0.006868
2005-10-28,0.014183
2005-10-31,0.006439
2005-11-01,-0.006391
2005-11-02,0.008904
2005-11-03,-0.003315
2005-11-04,0.004244
2005-11-07,0.005053
2005-11-08,-0.005349
2005-11-09,0.008607
2005-11-10,0.017988
2005-11-11,0.004661
2005-11-14,0.000431
2005-11-15,-0.010063
2005-11-16,-0.002482
2005-11-17,0.00935
2005-11-18,0.00758
2005-11-21,0.003055
2005-11-22,0.006903
2005-11-23,0.012718
2005-11-25,0.003333
2005-11-28,-0.011286
2005-11-29,-0.001301
2005-11-30,-0.013551
2005-12-01,0.010345
2005-12-02,0.005253
2005-12-05,0.003924
2005-12-06,-0.006808
2005-12-07,-0.007314
2005-12-08,-0.001996
2005-12-09,0.005361
2005-12-12,0.002193
2005-12-13,0.012457
2005-12-14,-0.001613
2005-12-15,-0.007402
2005-12-16,-0.000938
2005-12-19,-0.005837
2005-12-20,0.00625
2005-12-21,0.00637
2005-12-22,0.003902
2005-12-23,0.001126
2005-12-27,-0.005165
2005-12-28,-0.004164
2005-12-29,-0.001837
2005-12-30,-0.003636
2006-01-03,0.016253
2006-01-04,-0.011443
2006-01-05,0.002585
2006-01-06,0.00556
2006-01-09,0.008532
2006-01-10,0.004415
2006-01-11,0.003446
2006-01-12,-0.004241
2006-01-13,0.000782
2006-01-17,-0.007476
2006-01-18,-0.005014
2006-01-19,0.003017
2006-01-20,-0.028963
2006-01-23,0.008584
2006-01-24,0.000152
2006-01-25,0.00672
2006-01-26,0.021997
2006-01-27,0.006445
2006-01-30,0.001583
2006-01-31,0.003772
2006-02-01,0.001836
2006-02-02,-0.006351
2006-02-03,-0.00246
2006-02-06,0.001361
2006-02-07,-0.012512
2006-02-08,0.009917
2006-02-09,0.002562
2006-02-10,-0.001755
2006-02-13,-0.006595
2006-02-14,0.009382
2006-02-15,0.011289
2006-02-16,0.007244
2006-02-17,-0.003937
2006-02-21,-0.004623
2006-02-22,0.015163
2006-02-23,-0.007898
2006-02-24,0.003877
2006-02-27,-0.001813
2006-02-28,-0.01368
2006-03-01,0.009101
2006-03-02,-0.002328
2006-03-03,0.002054
2006-03-06,-0.000877
2006-03-07,-0.000377
2006-03-08,-0.003342
2006-03-09,-0.007444
2006-03-10,0.004836
2006-03-13,-0.00405
2006-03-14,0.024492
2006-03-15,-0.004194
2006-03-16,0.001315
2006-03-17,0.006814
2006-03-20,0.003732
2006-03-21,-0.006859
2006-03-22,0.017922
2006-03-23,-0.001275
2006-03-24,0.000984
2006-03-27,0.006463
2006-03-28,-0.005071
2006-03-29,0.008707
2006-03-30,-1.9e-05
2006-03-31,-0.002507
2006-04-03,0.006253
2006-04-04,0.014831
2006-04-05,0.001624
2006-04-06,-0.000848
2006-04-07,-0.008884
2006-04-10,0.006378
2006-04-11,-0.014791
2006-04-12,0.004403
2006-04-13,0.003556
2006-04-17,0.006872
2006-04-18,0.017795
2006-04-19,-0.000735
2006-04-20,0.0018
2006-04-21,-0.005841
2006-04-24,0.001269
2006-04-25,-0.012961
2006-04-26,0.00521
2006-04-27,0.0127
2006-04-28,0.009291
2006-05-01,-0.016179
2006-05-02,0.012409
2006-05-03,-0.001262
2006-05-04,-0.001338
2006-05-05,0.027089
2006-05-08,-0.005794
2006-05-09,0.005245
2006-05-10,-0.005349
2006-05-11,-0.019238
2006-05-12,-0.015821
2006-05-15,-0.005681
2006-05-16,-0.001842
2006-05-17,-0.025308
2006-05-18,-0.005992
2006-05-19,0.004799
2006-05-22,-0.009105
2006-05-23,-0.010223
2006-05-24,0.002338
2006-05-25,0.014999
2006-05-26,0.017648
2006-05-30,-0.018452
2006-05-31,0.006632
2006-06-01,0.01653
2006-06-02,0.003795
2006-06-05,-0.021378
2006-06-06,-0.00359
2006-06-07,0.002396
2006-06-08,-0.000401
2006-06-09,-0.00127
2006-06-12,-0.017517
2006-06-13,-0.034735
2006-06-14,-0.005343
2006-06-15,0.026512
2006-06-16,-0.006044
2006-06-19,-0.006595
2006-06-20,0.00921
2006-06-21,0.024971
2006-06-22,-0.002192
2006-06-23,-0.005398
2006-06-26,0.013064
2006-06-27,-0.012831
2006-06-28,0.002381
2006-06-29,0.03354
2006-06-30,-0.007333
2006-07-03,0.01547
2006-07-05,-0.006383
2006-07-06,0.001813
2006-07-07,-0.004323
2006-07-10,0.003915
2006-07-11,0.001628
2006-07-12,-0.018298
2006-07-13,-0.019315
2006-07-14,-0.012004
2006-07-17,-0.003703
2006-07-18,0.006399
2006-07-19,0.033887
2006-07-20,-0.006189
2006-07-21,-0.008649
2006-07-24,0.0243
2006-07-25,0.008005
2006-07-26,-0.003336
2006-07-27,0.002982
2006-07-28,0.020083
2006-07-31,0.003382
2006-08-01,-0.004112
2006-08-02,-0.000176
2006-08-03,0.009247
2006-08-04,-0.001745
2006-08-07,-0.003148
2006-08-08,-0.006299
2006-08-09,-0.014452
2006-08-10,0.003866
2006-08-11,-0.00276
2006-08-14,-0.002294
2006-08-15,0.018608
2006-08-16,0.009518
2006-08-17,0.001595
2006-08-18,0.000311
2006-08-21,-0.003084
2006-08-22,0.001972
2006-08-23,0.000149
2006-08-24,-0.001631
2006-08-25,-0.006324
2006-08-28,0.003978
2006-08-29,-0.00831
2006-08-30,-0.00057
2006-08-31,0.002569
2006-09-01,0.005261
2006-09-05,0.00643
2006-09-06,-0.006933
2006-09-07,-0.010671
2006-09-08,0.006044
2006-09-11,0.003672
2006-09-12,0.022142
2006-09-13,0.012808
2006-09-14,0.005183
2006-09-15,0.004444
2006-09-18,0.000529
2006-09-19,0.005488
2006-09-20,0.009901
2006-09-21,-0.00455
2006-09-22,-0.000161
2006-09-25,0.007907
2006-09-26,0.003058
2006-09-27,-0.004108
2006-09-28,0.00466
2006-09-29,-0.003461
2006-10-02,0.001307
2006-10-03,0.014645
2006-10-04,0.010048
2006-10-05,-0.002051
2006-10-06,-0.002895
2006-10-09,0.006025
2006-10-10,0.002943
2006-10-11,-0.002166
2006-10-12,0.011058
2006-10-13,0.004422
2006-10-16,-0.000727
2006-10-17,-0.005391
2006-10-18,-0.001785
2006-10-19,-0.007777
2006-10-20,0.002742
2006-10-23,0.014057
2006-10-24,0.004808
2006-10-25,0.001489
2006-10-26,0.009254
2006-10-27,-0.014713
2006-10-30,0.001543
2006-10-31,-0.00029
2006-11-01,-0.018047
2006-11-02,0.002645
2006-11-03,-0.00075
2006-11-06,0.016986
2006-11-07,-0.001742
2006-11-08,0.000169
2006-11-09,-0.009469
2006-11-10,0.011254
2006-11-13,0.003573
2006-11-14,0.00718
2006-11-15,0.002036
2006-11-16,0.007786
2006-11-17,-0.001039
2006-11-20,0.004604
2006-11-21,0.001298
2006-11-22,0.003024
2006-11-24,-0.005588
2006-11-27,-0.02455
2006-11-28,0.003429
2006-11-29,0.004508
2006-11-30,-0.009289
2006-12-01,-0.005824
2006-12-04,0.021392
2006-12-05,0.008751
2006-12-06,0.0056
2006-12-07,-0.008633
2006-12-08,0.013811
2006-12-11,0.006554
2006-12-12,-0.006843
2006-12-13,-0.000149
2006-12-14,0.009934
2006-12-15,0.004914
2006-12-18,0.013727
2006-12-19,0.000937
2006-12-20,-0.0017
2006-12-21,-0.00515
2006-12-22,-0.00825
2006-12-26,0.01027
2006-12-27,0.01571
2006-12-28,-0.005176
2006-12-29,-0.006269
2007-01-03,-0.000909
2007-01-04,-0.001676
2007-01-05,-0.006345
2007-01-08,0.009508
2007-01-09,-0.003377
2007-01-10,0.006016
2007-01-11,0.008257
2007-01-12,0.00329
2007-01-16,0.002655
2007-01-17,-0.002645
2007-01-18,-0.009158
2007-01-19,0.005293
2007-01-22,0.014178
2007-01-23,-0.002471
2007-01-24,0.019132
2007-01-25,-0.02001
2007-01-26,0.001092
2007-01-29,-0.009871
2007-01-30,0.003731
2007-01-31,0.015019
2007-02-01,0.002573
2007-02-02,0.000566
2007-02-05,-0.002762
2007-02-06,0.003159
2007-02-07,7.9e-05
2007-02-08,-0.004539
2007-02-09,-0.011143
2007-02-12,-0.006866
2007-02-13,0.008516
2007-02-14,0.013638
2007-02-15,-0.000153
2007-02-16,-0.001585
2007-02-20,0.009786
2007-02-21,-0.003187
2007-02-22,-0.003455
2007-02-23,-0.010311
2007-02-26,-0.016597
2007-02-27,-0.0527
2007-02-28,0.009726
2007-03-01,0.00054
2007-03-02,-0.021187
2007-03-05,-0.020213
2007-03-06,0.028267
2007-03-07,-0.003703
2007-03-08,0.014061
2007-03-09,0.003725
2007-03-12,0.001564
2007-03-13,-0.036434
2007-03-14,0.012311
2007-03-15,0.012045
2007-03-16,-0.010458
2007-03-19,0.01197
2007-03-20,0.009349
2007-03-21,0.039332
2007-03-22,-0.005515
2007-03-23,0.001741
2007-03-26,-0.002382
2007-03-27,-0.007991
2007-03-28,-0.010766
2007-03-29,0.005667
2007-03-30,-0.000546
2007-04-02,-0.003544
2007-04-03,0.013139
2007-04-04,-0.002541
2007-04-05,0.002609
2007-04-09,0.002442
2007-04-10,0.005268
2007-04-11,-0.008595
2007-04-12,0.001785
2007-04-13,-0.001715
2007-04-16,0.027136
2007-04-17,-0.001858
2007-04-18,0.014462
2007-04-19,0.00585
2007-04-20,0.005492
2007-04-23,0.002022
2007-04-24,-0.004046
2007-04-25,0.016401
2007-04-26,-0.001837
2007-04-27,-0.001451
2007-04-30,-0.010231
2007-05-01,0.003735
2007-05-02,0.003632
2007-05-03,0.004186
2007-05-04,0.01062
2007-05-07,-0.002331
2007-05-08,-0.005527
2007-05-09,0.008404
2007-05-10,-0.01857
2007-05-11,0.00751
2007-05-14,-0.004895
2007-05-15,-0.005537
2007-05-16,0.019443
2007-05-17,-0.001918
2007-05-18,0.006686
2007-05-21,-0.000191
2007-05-22,0.001482
2007-05-23,-0.003753
2007-05-24,-0.009177
2007-05-25,0.000349
2007-05-29,0.006201
2007-05-30,0.007928
2007-05-31,-0.007864
2007-06-01,0.003338
2007-06-04,-0.004963
2007-06-05,-0.003814
2007-06-06,-0.007151
2007-06-07,-0.019061
2007-06-08,0.019501
2007-06-11,0.007221
2007-06-12,-0.013858
2007-06-13,0.02337
2007-06-14,-0.007975
2007-06-15,0.000828
2007-06-18,0.000183
2007-06-19,0.004248
2007-06-20,-0.015879
2007-06-21,0.003982
2007-06-22,-0.024104
2007-06-25,-0.011821
2007-06-26,-0.005607
2007-06-27,0.016138
2007-06-28,-0.003133
2007-06-29,-0.010582
2007-07-02,-0.029284
2007-07-03,0.014781
2007-07-05,-0.009074
2007-07-06,0.005028
2007-07-09,-0.003253
2007-07-10,-0.023999
2007-07-11,0.005532
2007-07-12,0.024537
2007-07-13,0.006225
2007-07-16,-0.007949
2007-07-17,0.002512
2007-07-18,-0.021195
2007-07-19,-0.010867
2007-07-20,-0.022461
2007-07-23,-0.002089
2007-07-24,-0.033592
2007-07-25,0.00661
2007-07-26,-0.02874
2007-07-27,-0.00721
2007-07-30,0.009052
2007-07-31,-0.019733
2007-08-01,0.006477
2007-08-02,-0.000715
2007-08-03,-0.036448
2007-08-06,0.04809
2007-08-07,0.008293
2007-08-08,0.017881
2007-08-09,-0.05364
2007-08-10,-0.008614
2007-08-13,-0.010599
2007-08-14,-0.027301
2007-08-15,-0.013273
2007-08-16,0.042829
2007-08-17,0.036493
2007-08-20,-0.006389
2007-08-21,0.001589
2007-08-22,0.009046
2007-08-23,-0.001896
2007-08-24,0.006343
2007-08-27,-0.014932
2007-08-28,-0.03737
2007-08-29,0.013289
2007-08-30,-0.012396
2007-08-31,0.02258
2007-09-04,0.019196
2007-09-05,-0.022136
2007-09-06,6.5e-05
2007-09-07,-0.005166
2007-09-10,0.010153
2007-09-11,0.009063
2007-09-12,-0.003388
2007-09-13,0.030885
2007-09-14,0.001448
2007-09-17,-0.013089
2007-09-18,0.057717
2007-09-19,-0.00099
2007-09-20,-0.020095
2007-09-21,0.009735
2007-09-24,-0.016837
2007-09-25,-0.005931
2007-09-26,0.012374
2007-09-27,0.011007
2007-09-28,-0.009279
2007-10-01,0.022232
2007-10-02,0.016416
2007-10-03,0.001978
2007-10-04,-0.001157
2007-10-05,0.014752
2007-10-08,-0.008492
2007-10-09,0.017458
2007-10-10,-0.015041
2007-10-11,-0.004157
2007-10-12,0.004204
2007-10-15,-0.020242
2007-10-16,-0.022049
2007-10-17,0.011312
2007-10-18,-0.008485
2007-10-19,-0.037513
2007-10-22,0.011158
2007-10-23,0.008035
2007-10-24,-0.003205
2007-10-25,-0.006543
2007-10-26,0.036807
2007-10-29,0.011029
2007-10-30,-0.010497
2007-10-31,0.015768
2007-11-01,-0.060247
2007-11-02,-0.036804
2007-11-05,-0.040583
2007-11-06,0.002726
2007-11-07,-0.047786
2007-11-08,0.005585
2007-11-09,0.003837
2007-11-12,0.006038
2007-11-13,0.064099
2007-11-14,0.000701
2007-11-15,-0.036357
2007-11-16,-0.010406
2007-11-19,-0.038277
2007-11-20,-0.010008
2007-11-21,-0.029731
2007-11-23,0.031137
2007-11-26,-0.036916
2007-11-27,0.025315
2007-11-28,0.060951
2007-11-29,-0.010634
2007-11-30,0.023436
2007-12-03,-0.005859
2007-12-04,-0.033432
2007-12-05,0.017034
2007-12-06,0.024393
2007-12-07,-0.005652
2007-12-10,0.030835
2007-12-11,-0.053761
2007-12-12,-0.008303
2007-12-13,-0.011432
2007-12-14,-0.002434
2007-12-17,-0.009384
2007-12-18,-0.022607
2007-12-19,0.012798
2007-12-20,-0.001728
2007-12-21,0.030576
2007-12-24,0.018587
2007-12-26,-0.000763
2007-12-27,-0.027644
2007-12-28,-0.004941
2007-12-31,0.006686
2008-01-02,-0.031721
2008-01-03,-0.005006
2008-01-04,-0.025675
2008-01-07,-0.008841
2008-01-08,-0.036424
2008-01-09,0.016885
2008-01-10,0.022572
2008-01-11,0.003379
2008-01-14,0.013731
2008-01-15,-0.050889
2008-01-16,0.014753
2008-01-17,-0.040125
2008-01-18,-0.013626
2008-01-22,0.031109
2008-01-23,0.077554
2008-01-24,0.002533
2008-01-25,-0.034898
2008-01-28,0.030489
2008-01-29,0.011754
2008-01-30,-0.001803
2008-01-31,0.007774
2008-02-01,0.02276
2008-02-04,-0.024014
2008-02-05,-0.057646
2008-02-06,-0.009059
2008-02-07,0.00991
2008-02-08,-0.027286
2008-02-11,-0.010218
2008-02-12,-0.002319
2008-02-13,0.008193
2008-02-14,-0.022692
2008-02-15,0.00209
2008-02-19,-0.015361
2008-02-20,0.020922
2008-02-21,-0.009894
2008-02-22,0.015222
2008-02-25,0.002461
2008-02-26,-0.008139
2008-02-27,0.028673
2008-02-28,-0.031725
2008-02-29,-0.04638
2008-03-03,-0.021553
2008-03-04,-0.018298
2008-03-05,0.000514
2008-03-06,-0.040331
2008-03-07,0.001636
2008-03-10,-0.038572
2008-03-11,0.078413
2008-03-12,-0.013538
2008-03-13,0.002436
2008-03-14,-0.05089
2008-03-17,-0.018213
2008-03-18,0.128149
2008-03-19,-0.014541
2008-03-20,0.101722
2008-03-24,0.006035
2008-03-25,0.003618
2008-03-26,-0.039376
2008-03-27,-0.031475
2008-03-28,-0.022574
2008-03-31,0.015279
2008-04-01,0.086388
2008-04-02,-0.000913
2008-04-03,0.002205
2008-04-04,-0.014856
2008-04-07,0.012554
2008-04-08,-0.014475
2008-04-09,-0.019646
2008-04-10,-0.015261
2008-04-11,-0.020592
2008-04-14,-0.024477
2008-04-15,0.011088
2008-04-16,0.042173
2008-04-17,0.017197
2008-04-18,0.033427
2008-04-21,-0.006022
2008-04-22,0.002281
2008-04-23,-0.007178
2008-04-24,0.050588
2008-04-25,0.018057
2008-04-28,-0.006325
2008-04-29,-0.007494
2008-04-30,-0.010485
2008-05-01,0.03445
2008-05-02,0.002286
2008-05-05,-0.021287
2008-05-06,0.004522
2008-05-07,-0.041196
2008-05-08,-0.011183
2008-05-09,-0.006374
2008-05-12,0.018199
2008-05-13,-0.023499
2008-05-14,0.006366
2008-05-15,0.013213
2008-05-16,-0.013613
2008-05-19,-0.013316
2008-05-20,-0.032264
2008-05-21,-0.035102
2008-05-22,0.009938
2008-05-23,-0.024098
2008-05-27,0.014772
2008-05-28,0.002881
2008-05-29,0.017154
2008-05-30,-0.002161
2008-06-02,-0.022008
2008-06-03,-0.007171
2008-06-04,0.00087
2008-06-05,0.018111
2008-06-06,-0.056931
2008-06-09,-0.03595
2008-06-10,0.014788
2008-06-11,-0.041105
2008-06-12,0.029887
2008-06-13,0.05237
2008-06-16,0.019489
2008-06-17,-0.023762
2008-06-18,0.002601
2008-06-19,-0.000781
2008-06-20,-0.029512
2008-06-23,-0.031184
2008-06-24,0.021026
2008-06-25,0.001927
2008-06-26,-0.045035
2008-06-27,-0.01791
2008-06-30,-0.016251
2008-07-01,0.007694
2008-07-02,-2.3e-05
2008-07-03,0.005252
2008-07-07,-0.033758
2008-07-08,0.045398
2008-07-09,-0.049604
2008-07-10,-0.0026
2008-07-11,-0.022968
2008-07-14,-0.044558
2008-07-15,-0.023403
2008-07-16,0.128968
2008-07-17,0.092018
2008-07-18,0.018257
2008-07-21,-0.020659
2008-07-22,0.054725
2008-07-23,0.012101
2008-07-24,-0.063266
2008-07-25,-0.005836
2008-07-28,-0.050836
2008-07-29,0.058778
2008-07-30,0.030541
2008-07-31,-0.004409
2008-08-01,0.010758
2008-08-04,-0.007769
2008-08-05,0.039828
2008-08-06,-0.007548
2008-08-07,-0.038216
2008-08-08,0.039564
2008-08-11,0.015391
2008-08-12,-0.070784
2008-08-13,-0.033912
2008-08-14,0.015499
2008-08-15,0.004577
2008-08-18,-0.033967
2008-08-19,-0.026716
2008-08-20,0.010272
2008-08-21,-0.01045
2008-08-22,0.037072
2008-08-25,-0.028245
2008-08-26,0.009262
2008-08-27,0.009899
2008-08-28,0.045091
2008-08-29,0.001035
2008-09-02,0.009763
2008-09-03,0.019887
2008-09-04,-0.04889
2008-09-05,0.031621
2008-09-08,0.050182
2008-09-09,-0.058685
2008-09-10,-0.018559
2008-09-11,0.011103
2008-09-12,-0.025661
2008-09-15,-0.127359
2008-09-16,0.001938
2008-09-17,-0.153131
2008-09-18,0.07335
2008-09-19,0.204059
2008-09-22,-0.059433
2008-09-23,0.015516
2008-09-24,-0.026018
2008-09-25,0.0522
2008-09-26,0.019943
2008-09-29,-0.136602
2008-09-30,0.112689
2008-10-01,0.074166
2008-10-02,-0.022216
2008-10-03,-0.065001
2008-10-06,-0.035357
2008-10-07,-0.139423
2008-10-08,-0.028891
2008-10-09,-0.132694
2008-10-10,-0.029959
2008-10-13,0.311117
2008-10-14,0.117775
2008-10-15,-0.108969
2008-10-16,0.013972
2008-10-17,-0.011617
2008-10-20,0.034617
2008-10-21,-0.015604
2008-10-22,-0.055056
2008-10-23,-0.029614
2008-10-24,-0.074886
2008-10-27,-0.07948
2008-10-28,0.0909
2008-10-29,-0.018197
2008-10-30,0.023004
2008-10-31,0.059676
2008-11-03,0.001444
2008-11-04,0.050253
2008-11-05,-0.09666
2008-11-06,-0.07175
2008-11-07,0.003657
2008-11-10,-0.064796
2008-11-11,-0.005947
2008-11-12,-0.103504
2008-11-13,0.052589
2008-11-14,-0.050409
2008-11-17,-0.061592
2008-11-18,-0.003503
2008-11-19,-0.151758
2008-11-20,-0.150729
2008-11-21,-0.027555
2008-11-24,0.347045
2008-11-25,0.05811
2008-11-26,0.067491
2008-11-28,0.06491
2008-12-01,-0.198734
2008-12-02,0.065221
2008-12-03,0.088623
2008-12-04,0.007959
2008-12-05,0.053594
2008-12-08,0.080136
2008-12-09,-0.049859
2008-12-10,-0.020704
2008-12-11,-0.069775
2008-12-12,0.00758
2008-12-15,-0.03692
2008-12-16,0.142048
2008-12-17,-0.001058
2008-12-18,-0.025779
2008-12-19,-0.022776
2008-12-22,-0.039367
2008-12-23,-0.022716
2008-12-24,0.021486
2008-12-26,-0.001213
2008-12-29,9.6e-05
2008-12-30,0.041903
2008-12-31,0.021971
2009-01-02,0.036421
2009-01-05,-0.003756
2009-01-06,0.046415
2009-01-07,-0.056127
2009-01-08,0.005244
2009-01-09,-0.026969
2009-01-12,-0.074957
2009-01-13,0.029581
2009-01-14,-0.091517
2009-01-15,-0.073449
2009-01-16,-0.050095
2009-01-20,-0.189147
2009-01-21,0.257362
2009-01-22,-0.018237
2009-01-23,0.071435
2009-01-26,-0.005247
2009-01-27,0.045213
2009-01-28,0.143123
2009-01-29,-0.070369
2009-01-30,-0.041111
2009-02-02,0.019843
2009-02-03,-0.025013
2009-02-04,0.030416
2009-02-05,0.035336
2009-02-06,0.064958
2009-02-09,0.010897
2009-02-10,-0.11134
2009-02-11,0.077712
2009-02-12,-0.001292
2009-02-13,-0.021006
2009-02-17,-0.123984
2009-02-18,-0.012087
2009-02-19,-0.04357
2009-02-20,-0.074671
2009-02-23,-0.001748
2009-02-24,0.156568
2009-02-25,-0.010987
2009-02-26,0.010494
2009-02-27,-0.123613
2009-03-02,-0.102036
2009-03-03,-0.005704
2009-03-04,-0.012605
2009-03-05,-0.088578
2009-03-06,-0.037332
2009-03-09,-0.011421
2009-03-10,0.256286
2009-03-11,0.067932
2009-03-12,0.087116
2009-03-13,0.039302
2009-03-16,0.034405
2009-03-17,0.063416
2009-03-18,0.096163
2009-03-19,-0.105568
2009-03-20,-0.030604
2009-03-23,0.199612
2009-03-24,-0.026804
2009-03-25,0.028645
2009-03-26,-0.011771
2009-03-27,-0.052908
2009-03-30,-0.093265
2009-03-31,0.06228
2009-04-01,0.050104
2009-04-02,0.008151
2009-04-03,0.041594
2009-04-06,-0.034176
2009-04-07,-0.00586
2009-04-08,-0.013402
2009-04-09,0.130148
2009-04-13,0.096642
2009-04-14,-0.067266
2009-04-15,0.023534
2009-04-16,0.013284
2009-04-17,-0.012768
2009-04-20,-0.101852
2009-04-21,0.073064
2009-04-22,-0.026214
2009-04-23,0.005886
2009-04-24,-0.002575
2009-04-27,-0.022692
2009-04-28,-0.017174
2009-04-29,0.069869
2009-04-30,-0.007568
2009-05-01,0.009871
2009-05-04,0.0703
2009-05-05,0.005514
2009-05-06,0.07815
2009-05-07,-0.038409
2009-05-08,0.060747
2009-05-11,-0.055623
2009-05-12,-0.013558
2009-05-13,-0.050183
2009-05-14,0.044239
2009-05-15,-0.012004
2009-05-18,0.06517
2009-05-19,0.001276
2009-05-20,-0.030313
2009-05-21,0.006688
2009-05-22,-0.007101
2009-05-26,0.039734
2009-05-27,-0.024627
2009-05-28,0.027777
2009-05-29,0.012533
2009-06-01,-0.011329
2009-06-02,-0.023747
2009-06-03,-0.017101
2009-06-04,0.048677
2009-06-05,-0.015973
2009-06-08,0.005471
2009-06-09,-0.003297
2009-06-10,-0.016129
2009-06-11,7.5e-05
2009-06-12,0.003265
2009-06-15,-0.030704
2009-06-16,-0.013209
2009-06-17,-0.032022
2009-06-18,0.026073
2009-06-19,0.011478
2009-06-22,-0.053814
2009-06-23,0.02383
2009-06-24,0.003806
2009-06-25,0.009367
2009-06-26,0.012996
2009-06-29,0.00892
2009-06-30,-0.015962
2009-07-01,-0.004011
2009-07-02,-0.037257
2009-07-06,-0.001378
2009-07-07,-0.020559
2009-07-08,-0.02048
2009-07-09,0.025768
2009-07-10,-0.020571
2009-07-13,0.068987
2009-07-14,0.012617
2009-07-15,0.050247
2009-07-16,-0.011477
2009-07-17,-0.000556
2009-07-20,-0.010219
2009-07-21,-0.020055
2009-07-22,0.014258
2009-07-23,0.023134
2009-07-24,-0.008761
2009-07-27,-0.005338
2009-07-28,0.015088
2009-07-29,0.014835
2009-07-30,0.01414
2009-07-31,0.006147
2009-08-03,0.015263
2009-08-04,0.017467
2009-08-05,0.048546
2009-08-06,0.002372
2009-08-07,0.014002
2009-08-10,-0.000357
2009-08-11,-0.033754
2009-08-12,0.033409
2009-08-13,0.009377
2009-08-14,-0.007267
2009-08-17,-0.031514
2009-08-18,0.021941
2009-08-19,-0.002765
2009-08-20,0.035632
2009-08-21,0.024212
2009-08-24,0.000902
2009-08-25,0.007865
2009-08-26,-0.011857
2009-08-27,0.024768
2009-08-28,0.002188
2009-08-31,-0.010927
2009-09-01,-0.054325
2009-09-02,-0.009581
2009-09-03,0.029249
2009-09-04,0.007584
2009-09-08,0.000294
2009-09-09,0.012117
2009-09-10,0.013304
2009-09-11,-0.009062
2009-09-14,0.006172
2009-09-15,-0.026888
2009-09-16,0.030113
2009-09-17,0.024504
2009-09-18,-0.004079
2009-09-21,0.008506
2009-09-22,0.038315
2009-09-23,-0.02431
2009-09-24,-0.019742
2009-09-25,-0.013205
2009-09-28,0.027395
2009-09-29,0.007702
2009-09-30,0.000902
2009-10-01,-0.045436
2009-10-02,-0.000156
2009-10-05,0.032656
2009-10-06,0.014978
2009-10-07,0.010476
2009-10-08,0.001577
2009-10-09,0.004635
2009-10-12,0.007365
2009-10-13,-0.007853
2009-10-14,0.037323
2009-10-15,-0.018159
2009-10-16,-0.017758
2009-10-19,-0.000716
2009-10-20,-0.010968
2009-10-21,-0.003771
2009-10-22,0.026553
2009-10-23,-0.012334
2009-10-26,-0.021245
2009-10-27,-0.00556
2009-10-28,-0.040292
2009-10-29,0.043721
2009-10-30,-0.050587
2009-11-02,-0.001605
2009-11-03,0.00645
2009-11-04,-0.015408
2009-11-05,0.028717
2009-11-06,-0.00317
2009-11-09,0.030331
2009-11-10,-0.003537
2009-11-11,0.004754
2009-11-12,-0.019149
2009-11-13,-0.004729
2009-11-16,0.018146
2009-11-17,-0.002182
2009-11-18,0.003601
2009-11-19,-0.019934
2009-11-20,-0.009754
2009-11-23,0.016566
2009-11-24,-0.013806
2009-11-25,-0.012935
2009-11-27,-0.025802
2009-11-30,0.027239
2009-12-01,-0.005663
2009-12-02,-0.010461
2009-12-03,-0.013017
2009-12-04,0.013518
2009-12-07,-0.014612
2009-12-08,-0.012646
2009-12-09,0.005446
2009-12-10,0.00058
2009-12-11,-0.001526
2009-12-14,-0.007454
2009-12-15,-0.022615
2009-12-16,0.002895
2009-12-17,-0.040909
2009-12-18,0.02413
2009-12-21,0.014584
2009-12-22,-0.007399
2009-12-23,-0.009086
2009-12-24,0.008679
2009-12-28,-0.000968
2009-12-29,-0.001109
2009-12-30,0.000972
2009-12-31,0.004232
2010-01-04,0.031219
2010-01-05,0.027961
2010-01-06,0.009695
2010-01-07,0.014152
2010-01-08,-0.01454
2010-01-11,-0.003626
2010-01-12,-0.025965
2010-01-13,0.005854
2010-01-14,0.001922
2010-01-15,-0.023556
2010-01-19,0.015398
2010-01-20,-0.007815
2010-01-21,-0.051042
2010-01-22,-0.033651
2010-01-25,-0.000364
2010-01-26,-0.02141
2010-01-27,0.016455
2010-01-28,0.002918
2010-01-29,-0.011157
2010-02-01,0.020631
2010-02-02,0.021799
2010-02-03,-0.005588
2010-02-04,-0.047842
2010-02-05,0.014507
2010-02-08,-0.020366
2010-02-09,0.014238
2010-02-10,0.010069
2010-02-11,-0.001115
2010-02-12,-0.002611
2010-02-16,0.02912
2010-02-17,0.003279
2010-02-18,0.000158
2010-02-19,-0.000982
2010-02-22,0.01163
2010-02-23,-0.018953
2010-02-24,0.022405
2010-02-25,-0.009426
2010-02-26,0.012741
2010-03-01,-0.001177
2010-03-02,0.007535
2010-03-03,-0.005473
2010-03-04,0.021658
2010-03-05,0.017663
2010-03-08,0.008424
2010-03-09,0.011324
2010-03-10,0.02466
2010-03-11,0.018045
2010-03-12,-0.01156
2010-03-15,-0.009801
2010-03-16,0.020753
2010-03-17,0.003571
2010-03-18,-0.003213
2010-03-19,-0.011657
2010-03-22,0.007945
2010-03-23,0.007892
2010-03-24,0.001274
2010-03-25,0.004016
2010-03-26,-0.000634
2010-03-29,-0.001697
2010-03-30,-0.012647
2010-03-31,-0.001901
2010-04-01,0.009058
2010-04-05,0.010759
2010-04-06,0.00474
2010-04-07,0.011866
2010-04-08,0.020348
2010-04-09,0.005957
2010-04-12,0.003625
2010-04-13,-0.004196
2010-04-14,0.040234
2010-04-15,-0.008632
2010-04-16,-0.070714
2010-04-19,0.024171
2010-04-20,0.009724
2010-04-21,0.003558
2010-04-22,-0.00448
2010-04-23,-0.001676
2010-04-26,-0.035058
2010-04-27,-0.029572
2010-04-28,0.022352
2010-04-29,0.022507
2010-04-30,-0.050653
2010-05-03,0.017007
2010-05-04,-0.022397
2010-05-05,-0.007556
2010-05-06,-0.043033
2010-05-07,-0.00061
2010-05-10,0.032517
2010-05-11,-0.012737
2010-05-12,0.005542
2010-05-13,-0.016609
2010-05-14,-0.019702
2010-05-17,-0.008604
2010-05-18,-0.026324
2010-05-19,0.015555
2010-05-20,-0.041733
2010-05-21,0.045571
2010-05-24,-0.026455
2010-05-25,0.016303
2010-05-26,0.004322
2010-05-27,0.039869
2010-05-28,-0.015088
2010-06-01,-0.02671
2010-06-02,0.026377
2010-06-03,-0.004693
2010-06-04,-0.031309
2010-06-07,-0.028883
2010-06-08,0.014054
2010-06-09,-0.000559
2010-06-10,0.008857
2010-06-11,0.004912
2010-06-14,-0.015485
2010-06-15,0.02585
2010-06-16,0.000323
2010-06-17,-0.00629
2010-06-18,0.013287
2010-06-21,-0.003026
2010-06-22,-0.018
2010-06-23,-0.00049
2010-06-24,-0.020455
2010-06-25,0.036248
2010-06-28,-0.012166
2010-06-29,-0.04269
2010-06-30,-0.008237
2010-07-01,-0.00383
2010-07-02,-0.004
2010-07-06,0.007272
2010-07-07,0.037194
2010-07-08,0.006481
2010-07-09,0.018892
2010-07-12,0.003636
2010-07-13,0.036448
2010-07-14,-0.009326
2010-07-15,0.009276
2010-07-16,-0.031315
2010-07-19,0.004951
2010-07-20,0.014388
2010-07-21,0.001673
2010-07-22,0.014728
2010-07-23,0.00112
2010-07-26,0.013637
2010-07-27,0.001198
2010-07-28,-0.006438
2010-07-29,0.010104
2010-07-30,-0.003662
2010-08-02,0.023503
2010-08-03,-0.007922
2010-08-04,0.010594
2010-08-05,-0.003589
2010-08-06,-0.01036
2010-08-09,-0.004055
2010-08-10,-0.012489
2010-08-11,-0.034097
2010-08-12,-0.001084
2010-08-13,-0.005751
2010-08-16,-0.001848
2010-08-17,0.003583
2010-08-18,0.004983
2010-08-19,-0.016117
2010-08-20,-0.000817
2010-08-23,-0.006209
2010-08-24,-0.017697
2010-08-25,-0.000914
2010-08-26,-0.015139
2010-08-27,0.014065
2010-08-30,-0.022628
2010-08-31,0.009436
2010-09-01,0.031343
2010-09-02,0.007458
2010-09-03,0.031522
2010-09-07,-0.023609
2010-09-08,0.013072
2010-09-09,0.023543
2010-09-10,0.001642
2010-09-13,0.025615
2010-09-14,-0.010795
2010-09-15,-0.002167
2010-09-16,-0.001513
2010-09-17,-0.011878
2010-09-20,0.014601
2010-09-21,-0.014863
2010-09-22,-0.023958
2010-09-23,-0.017852
2010-09-24,0.018967
2010-09-27,-0.011093
2010-09-28,-0.0056
2010-09-29,-0.00211
2010-09-30,-0.000596
2010-10-01,0.025274
2010-10-04,-0.007776
2010-10-05,0.023438
2010-10-06,0.001063
2010-10-07,-0.000109
2010-10-08,0.004327
2010-10-11,-0.000357
2010-10-12,0.020502
2010-10-13,-0.003552
2010-10-14,-0.028097
2010-10-15,-0.022522
2010-10-18,0.029781
2010-10-19,-0.005119
2010-10-20,0.010294
2010-10-21,-0.013211
2010-10-22,-0.000773
2010-10-25,-0.000109
2010-10-26,-0.001423
2010-10-27,0.006795
2010-10-28,0.009337
2010-10-29,-0.002331
2010-11-01,-0.003821
2010-11-02,-0.000643
2010-11-03,0.014073
2010-11-04,0.037466
2010-11-05,0.032058
2010-11-08,-0.008784
2010-11-09,-0.02374
2010-11-10,0.014678
2010-11-11,-0.008614
2010-11-12,-0.016409
2010-11-15,0.011014
2010-11-16,-0.015446
2010-11-17,-0.010076
2010-11-18,0.018139
2010-11-19,-0.003847
2010-11-22,-0.024873
2010-11-23,-0.019564
2010-11-24,0.016686
2010-11-26,-0.015577
2010-11-29,0.009068
2010-11-30,-0.009894
2010-12-01,0.019366
2010-12-02,0.027891
2010-12-03,0.003605
2010-12-06,0.001379
2010-12-07,0.005023
2010-12-08,0.022446
2010-12-09,0.008842
2010-12-10,0.013343
2010-12-13,0.003985
2010-12-14,-0.016622
2010-12-15,-0.016089
2010-12-16,-0.004191
2010-12-17,0.005439
2010-12-20,0.00555
2010-12-21,0.017157
2010-12-22,0.013608
2010-12-23,-0.005974
2010-12-27,0.012551
2010-12-28,0.000594
2010-12-29,-0.007729
2010-12-30,-0.000818
